method,compute_seconds,compute_speedup_vs_baseline,evaluate_seconds,evaluate_speedup_vs_baseline,total_seconds,total_speedup_vs_baseline
baseline,1819.3664801121,1.000000,191.3955650330,1.000000,2010.7620451450,1.000000
opt1,1814.6190271378,1.002616,158.3621571064,1.208594,1972.9811842442,1.019149
opt2,10.3739969730,175.377580,197.3473827839,0.969841,207.7213797569,9.680092
opt3,3.6572082043,497.474133,190.7999870777,1.003121,194.4571952820,10.340384
opt4,3.3729789257,539.394559,195.5068171024,0.978971,198.8797960281,10.110439
opt5,3.2087118626,567.008369,188.2404551506,1.016761,191.4491670132,10.502851
opt6,0.8667120934,2099.158987,162.3433830738,1.178955,163.2100951672,12.320084
opt6_full,0.6788580418,2680.039667,35.8208088875,5.343139,36.4996669292,55.089874
