method,seconds,threads,speedup_vs_baseline,improvement_vs_baseline,speedup_vs_opt1,speedup_vs_opt2
baseline,2.5790026416,,1.0,0.0,0.7694365748182788,0.2937223951542974
opt1_python_best_practices,1.9843789589999967,,1.2996522815882183,0.2305634251817212,1.0,0.3817369810158389
opt2_numpy_vectorized,0.757510833000012,,3.4045752605097848,0.7062776048457026,2.619604727157698,1.0
opt3_numba_jit_tuned,0.1178193329999999,8.0,21.88946903646112,0.9543159316320416,16.842558080005414,6.429427274045191
opt4_gpu_cupy,1.0264504889998989,,2.5125446080821674,0.6019971160777507,1.9332437173208772,0.7379906202179096
