threads,mean_seconds,std_seconds,min_seconds,max_seconds,runs
8,0.08721243700000514,0.0050352290000006406,0.0821772080000045,0.09224766600000578,2
4,0.08740812500000317,0.0003607920000021636,0.087047333000001,0.08776891700000533,2
2,0.1506352084999989,0.0014687914999953477,0.14916641700000355,0.15210399999999424,2
1,0.2908692080000037,0.009328417000006084,0.2815407909999976,0.3001976250000098,2
