method,run,seconds
baseline,1,2.485103958
baseline,2,2.4117843339999996
baseline,3,2.820436415999999
baseline,4,2.6379648749999998
baseline,5,2.539723624999999
opt1,1,1.8952140839999991
opt1,2,1.816259209
opt1,3,1.7887158329999977
opt1,4,1.7932108749999998
opt1,5,1.9425634159999987
