method,seconds,speedup_vs_baseline,improvement_vs_baseline,speedup_vs_opt1,speedup_vs_opt2,threads
baseline,2.5790026416,1.0,0.0,0.7694365748182788,0.2937223951542974,
opt1_python_best_practices,1.9843789589999967,1.2996522815882185,0.23056342518172127,1.0,0.3817369810158389,
opt2_numpy_vectorized,0.757510833000012,3.4045752605097848,0.7062776048457026,2.619604727157698,1.0,
opt3_numba_jit_tuned,0.1178193329999999,21.889469036461122,0.9543159316320415,16.842558080005414,6.429427274045191,8.0
