method,mean_seconds,std_seconds,min_seconds,max_seconds,speedup_vs_baseline,improvement_vs_baseline
baseline,2.5790026415999994,0.1581838951284469,2.4117843339999996,2.820436415999999,1.0,0.0
opt1,1.847192683399999,0.06835950749811634,1.7887158329999977,1.9425634159999987,1.3961741321176135,0.28375696340736956
